{
    "Bangladesh": [
        24.4768783,
        90.2932426
    ],
    "Brunei Darussalam": [
        4.4137155,
        114.5653908
    ],
    "Bahrain": [
        26.1551249,
        50.5344606
    ],
    "Bhutan": [
        27.549511,
        90.5119273
    ],
    "Turkmenistan": [
        39.3763807,
        59.3924609
    ],
    "Tajikistan": [
        38.6281733,
        70.8156541
    ],
    "Japan": [
        36.5748441,
        139.2394179
    ],
    "Georgia": [
        32.3293809,
        -83.1137366
    ],
    "Oman": [
        21.0000287,
        57.0036901
    ],
    "Jordan": [
        31.1667049,
        36.941628
    ],
    "Hong Kong SAR": [
        50.843871899999996,
        4.374383524843479
    ],
    "Iraq": [
        33.0955793,
        44.1749775
    ],
    "Pakistan": [
        30.3308401,
        71.247499
    ],
    "Philippines": [
        12.7503486,
        122.7312101
    ],
    "Vietnam": [
        13.2904027,
        108.4265113
    ],
    "Saudi Arabia": [
        25.6242618,
        42.3528328
    ],
    "Uzbekistan": [
        41.32373,
        63.9528098
    ],
    "Myanmar": [
        17.1750495,
        95.9999652
    ],
    "Macao SAR": [
        50.8230853,
        4.3690584
    ],
    "Mongolia": [
        46.8250388,
        103.8499736
    ],
    "Maldives": [
        4.7064352,
        73.3287853
    ],
    "Malaysia": [
        4.5693754,
        102.2656823
    ],
    "Israel": [
        31.5313113,
        34.8667654
    ],
    "Nepal": [
        28.1083929,
        84.0917139
    ],
    "China": [
        35.000074,
        104.999927
    ],
    "Syrian Arab Republic": [
        34.6401861,
        39.0494106
    ],
    "Kyrgyz Republic": [
        41.5089324,
        74.724091
    ],
    "Cambodia": [
        13.5066394,
        104.869423
    ],
    "South Korea": [
        36.638392,
        127.6961188
    ],
    "North Korea": [
        40.3736611,
        127.0870417
    ],
    "Kuwait": [
        29.2733964,
        47.4979476
    ],
    "Kazakhstan": [
        47.2286086,
        65.2093197
    ],
    "Singapore": [
        1.357107,
        103.8194992
    ],
    "Yemen": [
        16.3471243,
        47.8915271
    ],
    "Lebanon": [
        33.8750629,
        35.843409
    ],
    "Lao PDR": [
        17.97013815,
        102.63316976310179
    ],
    "Turkey": [
        38.9597594,
        34.9249653
    ],
    "Sri Lanka": [
        7.5554942,
        80.7137847
    ],
    "Thailand": [
        14.8971921,
        100.83273
    ],
    "United Arab Emirates": [
        24.0002488,
        53.9994829
    ],
    "Afghanistan": [
        33.7680065,
        66.2385139
    ],
    "Iran": [
        32.6475314,
        54.5643516
    ],
    "Armenia": [
        40.7696272,
        44.6736646
    ],
    "India": [
        22.3511148,
        78.6677428
    ],
    "Azerbaijan": [
        40.3936294,
        47.7872508
    ],
    "Indonesia": [
        -2.4833826,
        117.8902853
    ],
    "Qatar": [
        25.3336984,
        51.2295295
    ],
    "Belgium": [
        50.6402809,
        4.6667145
    ],
    "Bulgaria": [
        42.6073975,
        25.4856617
    ],
    "Bosnia and Herzegovina": [
        44.3053476,
        17.5961467
    ],
    "Belarus": [
        53.4250605,
        27.6971358
    ],
    "Russian Federation": [
        64.6863136,
        97.7453061
    ],
    "Serbia": [
        44.024322850000004,
        21.07657433209902
    ],
    "Romania": [
        45.9852129,
        24.6859225
    ],
    "Greece": [
        38.9953683,
        21.9877132
    ],
    "United Kingdom": [
        54.7023545,
        -3.2765753
    ],
    "Gibraltar": [
        36.10674695,
        -5.335277183483561
    ],
    "Croatia": [
        45.5643442,
        17.0118954
    ],
    "Hungary": [
        47.1817585,
        19.5060937
    ],
    "Portugal": [
        40.0332629,
        -7.8896263
    ],
    "Poland": [
        52.215933,
        19.134422
    ],
    "Estonia": [
        58.7523778,
        25.3319078
    ],
    "Italy": [
        42.6384261,
        12.674297
    ],
    "Spain": [
        39.3262345,
        -4.8380649
    ],
    "Montenegro": [
        42.9868853,
        19.5180992
    ],
    "Moldova": [
        47.2879608,
        28.5670941
    ],
    "Monaco": [
        43.7323492,
        7.4276832
    ],
    "North Macedonia": [
        41.6171214,
        21.7168387
    ],
    "Malta": [
        35.8885993,
        14.4476911
    ],
    "Isle of Man": [
        54.2358167,
        -4.514598745698255
    ],
    "France": [
        46.603354,
        1.8883335
    ],
    "Finland": [
        63.2467777,
        25.9209164
    ],
    "Faroe Islands": [
        62.0448724,
        -7.0322972
    ],
    "Netherlands": [
        52.5001698,
        5.7480821
    ],
    "Norway": [
        64.5731537,
        11.52803643954819
    ],
    "Kosovo": [
        42.5869578,
        20.9021231
    ],
    "Switzerland": [
        46.7985624,
        8.2319736
    ],
    "Czech Republic": [
        49.8167003,
        15.4749544
    ],
    "Cyprus": [
        34.9823018,
        33.1451285
    ],
    "Slovak Republic": [
        48.7411522,
        19.4528646
    ],
    "Slovenia": [
        45.8133113,
        14.4808369
    ],
    "San Marino": [
        43.9458623,
        12.458306
    ],
    "Sweden": [
        59.6749712,
        14.5208584
    ],
    "Denmark": [
        55.670249,
        10.3333283
    ],
    "Germany": [
        51.0834196,
        10.4234469
    ],
    "Liechtenstein": [
        47.1416307,
        9.5531527
    ],
    "Latvia": [
        56.8406494,
        24.7537645
    ],
    "Lithuania": [
        55.3500003,
        23.7499997
    ],
    "Luxembourg": [
        49.8158683,
        6.1296751
    ],
    "Andorra": [
        42.5407167,
        1.5732033
    ],
    "Iceland": [
        64.9841821,
        -18.1059013
    ],
    "Albania": [
        41.000028,
        19.9999619
    ],
    "Austria": [
        47.2000338,
        13.199959
    ],
    "Ireland": [
        52.865196,
        -7.9794599
    ],
    "Ukraine": [
        49.4871968,
        31.2718321
    ],
    "Burkina Faso": [
        12.0753083,
        -1.6880314
    ],
    "Burundi": [
        -3.3634357,
        29.8870575
    ],
    "Benin": [
        9.5293472,
        2.2584408
    ],
    "Botswana": [
        -23.1681782,
        24.5928742
    ],
    "Rwanda": [
        -1.9646631,
        30.0644358
    ],
    "Guinea-Bissau": [
        12.100035,
        -14.9000214
    ],
    "Equatorial Guinea": [
        1.613172,
        10.5170357
    ],
    "Gabon": [
        -0.8999695,
        11.6899699
    ],
    "Guinea": [
        10.7226226,
        -10.7083587
    ],
    "Gambia": [
        13.470062,
        -15.4900464
    ],
    "Ghana": [
        8.0300284,
        -1.0800271
    ],
    "Tunisia": [
        33.8439408,
        9.400138
    ],
    "Zambia": [
        -14.5186239,
        27.5599164
    ],
    "Egypt": [
        26.2540493,
        29.2675469
    ],
    "South Africa": [
        -28.8166236,
        24.991639
    ],
    "Ethiopia": [
        10.2116702,
        38.6521203
    ],
    "Somalia": [
        8.3676771,
        49.083416
    ],
    "Zimbabwe": [
        -18.4554963,
        29.7468414
    ],
    "Eritrea": [
        15.9500319,
        37.9999668
    ],
    "Madagascar": [
        -18.9249604,
        46.4416422
    ],
    "Morocco": [
        31.1728205,
        -7.3362482
    ],